{
  "embedding_stats": {
    "train_basic": {
      "num_samples": 1932,
      "embedding_dim": 768,
      "global_mean": 0.002792649669572711,
      "global_std": 0.2611086964607239,
      "mean_l2_norm": 7.236386775970459,
      "std_l2_norm": 0.034720245748758316,
      "min_l2_norm": 7.160994052886963,
      "max_l2_norm": 7.555816650390625,
      "mean_dim_std": 0.030974440276622772,
      "min_dim_std": 0.01203637570142746,
      "max_dim_std": 0.10308331251144409,
      "mean_dim_var": 0.0010459603508934379,
      "min_dim_var": 0.00014487434236798435,
      "max_dim_var": 0.010626169852912426
    },
    "val_basic": {
      "num_samples": 414,
      "embedding_dim": 768,
      "global_mean": 0.002598761348053813,
      "global_std": 0.26124972105026245,
      "mean_l2_norm": 7.240214824676514,
      "std_l2_norm": 0.03950056433677673,
      "min_l2_norm": 7.183803558349609,
      "max_l2_norm": 7.570017337799072,
      "mean_dim_std": 0.031700242310762405,
      "min_dim_std": 0.012364741414785385,
      "max_dim_std": 0.10482251644134521,
      "mean_dim_var": 0.0010999386431649327,
      "min_dim_var": 0.00015288683061953634,
      "max_dim_var": 0.010987759567797184
    },
    "test_basic": {
      "num_samples": 414,
      "embedding_dim": 768,
      "global_mean": 0.00276245828717947,
      "global_std": 0.26116472482681274,
      "mean_l2_norm": 7.237921714782715,
      "std_l2_norm": 0.03678293898701668,
      "min_l2_norm": 7.160894870758057,
      "max_l2_norm": 7.517505645751953,
      "mean_dim_std": 0.031099515035748482,
      "min_dim_std": 0.011258808895945549,
      "max_dim_std": 0.10585525631904602,
      "mean_dim_var": 0.0010628497693687677,
      "min_dim_var": 0.00012676077312789857,
      "max_dim_var": 0.011205336079001427
    },
    "train_collapse": {
      "num_low_variance_dims": 0,
      "frac_low_variance_dims": 0.0,
      "overall_std": 0.2611086964607239,
      "is_likely_collapsed": false
    },
    "val_collapse": {
      "num_low_variance_dims": 0,
      "frac_low_variance_dims": 0.0,
      "overall_std": 0.26124972105026245,
      "is_likely_collapsed": false
    },
    "test_collapse": {
      "num_low_variance_dims": 0,
      "frac_low_variance_dims": 0.0,
      "overall_std": 0.26116472482681274,
      "is_likely_collapsed": false
    },
    "train_val_gap": {
      "mean_vector_l2_gap": 0.12134872376918793,
      "std_vector_l2_gap": 0.05618278309702873,
      "mean_norm_gap": 0.0038280487060546875,
      "std_norm_gap": 0.004780318588018417
    },
    "val_test_gap": {
      "mean_vector_l2_gap": 0.14303533732891083,
      "std_vector_l2_gap": 0.06319325417280197,
      "mean_norm_gap": 0.002293109893798828,
      "std_norm_gap": 0.0027176253497600555
    },
    "train_test_gap": {
      "mean_vector_l2_gap": 0.05536574870347977,
      "std_vector_l2_gap": 0.03594798594713211,
      "mean_norm_gap": 0.0015349388122558594,
      "std_norm_gap": 0.002062693238258362
    }
  },
  "probes": {
    "primary_model": "linear",
    "secondary_model": "rbf",
    "mode_id": {
      "skipped": false,
      "linear": {
        "accuracy": 0.43478260869565216,
        "balanced_accuracy": 0.44047618189782584
      },
      "rbf": {
        "accuracy": 0.47342995169082125,
        "balanced_accuracy": 0.4764673677016098
      }
    },
    "spectral_id": {
      "skipped": false,
      "linear": {
        "accuracy": 0.7004830917874396,
        "balanced_accuracy": 0.7050361022787494
      },
      "rbf": {
        "accuracy": 0.7342995169082126,
        "balanced_accuracy": 0.7352761920776627
      }
    },
    "coupling_id": {
      "skipped": false,
      "linear": {
        "accuracy": 0.5628019323671497,
        "balanced_accuracy": 0.5746845900644767
      },
      "rbf": {
        "accuracy": 0.6545893719806763,
        "balanced_accuracy": 0.6715790312971218
      }
    },
    "is_transition_window": {
      "skipped": false,
      "linear": {
        "accuracy": 0.6956521739130435,
        "balanced_accuracy": 0.6095238095238096
      },
      "rbf": {
        "accuracy": 0.7922705314009661,
        "balanced_accuracy": 0.6245310245310245
      }
    },
    "mean_load": {
      "skipped": false,
      "task_type": "regression",
      "linear": {
        "mae": 0.061961159110069275,
        "rmse": 0.0759231448173523,
        "r2": -0.5385687351226807
      },
      "rbf": {
        "mae": 0.05347653877907905,
        "rmse": 0.06139107224411538,
        "r2": -0.005955847092601552
      }
    }
  },
  "clustering": {
    "mode_id": {
      "stability": {
        "ari": {
          "mean": 0.13891392840874425,
          "std": 0.007458524831238206
        },
        "nmi": {
          "mean": 0.34075284077159607,
          "std": 0.009698961729254305
        },
        "purity": {
          "mean": 0.366183574879227,
          "std": 0.012560386473429951
        },
        "silhouette": {
          "mean": 0.08919650018215179,
          "std": 0.00349545270226207
        }
      },
      "reference_run": {
        "num_clusters": 12,
        "ari": 0.14220282803690243,
        "nmi": 0.34631217166984846,
        "purity": 0.38164251207729466,
        "silhouette": 0.08674820512533188,
        "composition": {
          "0": {
            "size": 16,
            "label_counts": {
              "3": 2,
              "4": 1,
              "9": 8,
              "10": 5
            }
          },
          "1": {
            "size": 56,
            "label_counts": {
              "1": 1,
              "2": 4,
              "3": 9,
              "4": 13,
              "5": 10,
              "6": 1,
              "7": 3,
              "8": 1,
              "9": 2,
              "10": 9,
              "11": 3
            }
          },
          "2": {
            "size": 42,
            "label_counts": {
              "0": 8,
              "1": 5,
              "2": 2,
              "6": 16,
              "7": 8,
              "8": 3
            }
          },
          "3": {
            "size": 19,
            "label_counts": {
              "9": 10,
              "10": 9
            }
          },
          "4": {
            "size": 38,
            "label_counts": {
              "2": 2,
              "3": 1,
              "4": 3,
              "5": 6,
              "9": 1,
              "10": 8,
              "11": 17
            }
          },
          "5": {
            "size": 37,
            "label_counts": {
              "0": 12,
              "1": 19,
              "2": 3,
              "4": 2,
              "6": 1
            }
          },
          "6": {
            "size": 36,
            "label_counts": {
              "0": 3,
              "1": 2,
              "2": 9,
              "3": 1,
              "4": 2,
              "5": 9,
              "7": 1,
              "8": 5,
              "10": 2,
              "11": 2
            }
          },
          "7": {
            "size": 43,
            "label_counts": {
              "0": 4,
              "1": 17,
              "3": 3,
              "4": 4,
              "6": 3,
              "7": 9,
              "9": 1,
              "10": 2
            }
          },
          "8": {
            "size": 32,
            "label_counts": {
              "4": 5,
              "5": 14,
              "9": 1,
              "10": 5,
              "11": 7
            }
          },
          "9": {
            "size": 8,
            "label_counts": {
              "3": 1,
              "9": 7
            }
          },
          "10": {
            "size": 22,
            "label_counts": {
              "3": 12,
              "4": 6,
              "5": 1,
              "9": 1,
              "10": 2
            }
          },
          "11": {
            "size": 65,
            "label_counts": {
              "0": 5,
              "1": 7,
              "2": 16,
              "3": 2,
              "4": 1,
              "5": 3,
              "6": 10,