{
  "split_by": "trajectory",
  "seed": 64,
  "has_hard_leakage": false,
  "overlap": {
    "trajectory_overlap": {
      "train_val": [],
      "train_test": [],
      "val_test": []
    },
    "device_overlap": {
      "train_val": [
        0,
        1
      ],
      "train_test": [
        0,
        1
      ],
      "val_test": [
        0,
        1
      ]
    }
  },
  "splits": {
    "train": {
      "num_windows": 1932,
      "num_trajectories": 84,
      "num_devices": 2,
      "mode_counts": {
        "0": 129,
        "1": 169,
        "2": 176,
        "3": 188,
        "4": 140,
        "5": 193,
        "6": 140,
        "7": 129,
        "8": 146,
        "9": 188,
        "10": 187,
        "11": 147
      },
      "spectral_counts": {
        "0": 474,
        "1": 521,
        "2": 415,
        "3": 522
      },
      "coupling_counts": {
        "0": 646,
        "1": 626,
        "2": 660
      },
      "transition_fraction": 0.715320885181427,
      "mean_load": 0.9996857047080994
    },
    "val": {
      "num_windows": 414,
      "num_trajectories": 18,
      "num_devices": 2,
      "mode_counts": {
        "0": 21,
        "1": 39,
        "2": 40,
        "3": 28,
        "4": 23,
        "5": 50,
        "6": 38,
        "7": 35,
        "8": 29,
        "9": 43,
        "10": 45,
        "11": 23
      },
      "spectral_counts": {
        "0": 100,
        "1": 101,
        "2": 102,
        "3": 111
      },
      "coupling_counts": {
        "0": 130,
        "1": 143,
        "2": 141
      },
      "transition_fraction": 0.8019323945045471,
      "mean_load": 1.0213137865066528
    },
    "test": {
      "num_windows": 414,
      "num_trajectories": 18,
      "num_devices": 2,
      "mode_counts": {
        "0": 23,
        "1": 39,
        "2": 16,
        "3": 61,
        "4": 25,
        "5": 46,
        "6": 32,
        "7": 41,
        "8": 33,
        "9": 36,
        "10": 30,
        "11": 32
      },
      "spectral_counts": {
        "0": 78,
        "1": 132,
        "2": 106,
        "3": 98
      },
      "coupling_counts": {
        "0": 153,
        "1": 134,
        "2": 127
      },
      "transition_fraction": 0.7536231875419617,
      "mean_load": 0.9849348068237305
    }
  }
}