{
  "recall_at_1": 0.9836065573770492,
  "recall_at_5": 0.9836065573770492,
  "recall_at_10": 0.9836065573770492,
  "top1_match_fraction": 0.9836065573770492,
  "top5_match_fraction": 0.7868852459016392,
  "top10_match_fraction": 0.6295081967213114
}