{
  "embedding_stats": {
    "train_basic": {
      "num_samples": 1932,
      "embedding_dim": 128,
      "global_mean": 0.4008716940879822,
      "global_std": 0.708900511264801,
      "mean_l2_norm": 8.254406929016113,
      "std_l2_norm": 4.09380578994751,
      "min_l2_norm": 2.6000754833221436,
      "max_l2_norm": 20.425579071044922,
      "mean_dim_std": 0.5873612761497498,
      "min_dim_std": 0.16330555081367493,
      "max_dim_std": 1.5750885009765625,
      "mean_dim_var": 0.42685264348983765,
      "min_dim_var": 0.02666870318353176,
      "max_dim_var": 2.4809036254882812
    },
    "val_basic": {
      "num_samples": 414,
      "embedding_dim": 128,
      "global_mean": 0.37127792835235596,
      "global_std": 0.6768015623092651,
      "mean_l2_norm": 7.755191326141357,
      "std_l2_norm": 4.016613483428955,
      "min_l2_norm": 2.703479528427124,
      "max_l2_norm": 16.91439437866211,
      "mean_dim_std": 0.5646485090255737,
      "min_dim_std": 0.1252613067626953,
      "max_dim_std": 1.4641863107681274,
      "mean_dim_var": 0.3978869915008545,
      "min_dim_var": 0.0156903937458992,
      "max_dim_var": 2.143841505050659
    },
    "test_basic": {
      "num_samples": 414,
      "embedding_dim": 128,
      "global_mean": 0.4315103590488434,
      "global_std": 0.7512974143028259,
      "mean_l2_norm": 8.828825950622559,
      "std_l2_norm": 4.258509635925293,
      "min_l2_norm": 2.653573989868164,
      "max_l2_norm": 17.251693725585938,
      "mean_dim_std": 0.597798228263855,
      "min_dim_std": 0.15851624310016632,
      "max_dim_std": 1.7238388061523438,
      "mean_dim_var": 0.4572961926460266,
      "min_dim_var": 0.02512739785015583,
      "max_dim_var": 2.9716200828552246
    },
    "train_collapse": {
      "num_low_variance_dims": 0,
      "frac_low_variance_dims": 0.0,
      "overall_std": 0.708900511264801,
      "is_likely_collapsed": false
    },
    "val_collapse": {
      "num_low_variance_dims": 0,
      "frac_low_variance_dims": 0.0,
      "overall_std": 0.6768015623092651,
      "is_likely_collapsed": false
    },
    "test_collapse": {
      "num_low_variance_dims": 0,
      "frac_low_variance_dims": 0.0,
      "overall_std": 0.7512974143028259,
      "is_likely_collapsed": false
    },
    "train_val_gap": {
      "mean_vector_l2_gap": 0.6751208305358887,
      "std_vector_l2_gap": 0.6327750086784363,
      "mean_norm_gap": 0.49921560287475586,
      "std_norm_gap": 0.07719230651855469
    },
    "val_test_gap": {
      "mean_vector_l2_gap": 1.3668540716171265,
      "std_vector_l2_gap": 0.904991865158081,
      "mean_norm_gap": 1.0736346244812012,
      "std_norm_gap": 0.2418961524963379
    },
    "train_test_gap": {
      "mean_vector_l2_gap": 0.8905770778656006,
      "std_vector_l2_gap": 0.827806830406189,
      "mean_norm_gap": 0.5744190216064453,
      "std_norm_gap": 0.1647038459777832
    }
  },
  "probes": {
    "primary_model": "linear",
    "secondary_model": "rbf",
    "mode_id": {
      "skipped": false,
      "linear": {
        "accuracy": 0.9468599033816425,
        "balanced_accuracy": 0.9480331262939958
      },
      "rbf": {
        "accuracy": 0.9299516908212561,
        "balanced_accuracy": 0.9392339544513457
      }
    },
    "spectral_id": {
      "skipped": false,
      "linear": {
        "accuracy": 0.9468599033816425,
        "balanced_accuracy": 0.9480331262939958
      },
      "rbf": {
        "accuracy": 0.9299516908212561,
        "balanced_accuracy": 0.9392339544513457
      }
    },
    "coupling_id": {
      "skipped": true,
      "task_type": "classification",
      "skipped_reason": "train split has only one class: [1]"
    },
    "is_transition_window": {
      "skipped": true,
      "task_type": "classification",
      "skipped_reason": "train split has only one class: [False]"
    },
    "mean_load": {
      "skipped": false,
      "task_type": "regression",
      "linear": {
        "mae": 0.0,
        "rmse": 0.0,
        "r2": 1.0
      },
      "rbf": {
        "mae": 0.0,
        "rmse": 0.0,
        "r2": 1.0
      }
    }
  },
  "clustering": {
    "mode_id": {
      "stability": {
        "ari": {
          "mean": 0.28115525555135135,
          "std": 0.11886238366135982
        },
        "nmi": {
          "mean": 0.3754500406341976,
          "std": 0.11340081956739723
        },
        "purity": {
          "mean": 0.555072463768116,
          "std": 0.08737686915280626
        },
        "silhouette": {
          "mean": 0.27147390246391295,
          "std": 0.054228656497073584
        }
      },
      "reference_run": {
        "num_clusters": 4,
        "ari": 0.3800020101716121,
        "nmi": 0.4711581585080424,
        "purity": 0.6256038647342995,
        "silhouette": 0.23197513818740845,
        "composition": {
          "0": {
            "size": 145,
            "label_counts": {
              "4": 59,
              "7": 77,
              "10": 9
            }
          },
          "1": {
            "size": 120,
            "label_counts": {
              "1": 54,
              "4": 2,
              "7": 64
            }
          },
          "2": {
            "size": 50,
            "label_counts": {
              "1": 15,
              "4": 7,
              "7": 20,
              "10": 8
            }
          },
          "3": {
            "size": 99,
            "label_counts": {
              "4": 1,
              "10": 98
            }
          }
        }
      }
    },
    "spectral_id": {
      "stability": {
        "ari": {
          "mean": 0.28115525555135135,
          "std": 0.11886238366135982
        },
        "nmi": {
          "mean": 0.3754500406341976,
          "std": 0.11340081956739723
        },
        "purity": {
          "mean": 0.555072463768116,
          "std": 0.08737686915280626
        },
        "silhouette": {
          "mean": 0.27147390246391295,
          "std": 0.054228656497073584
        }
      },
      "reference_run": {
        "num_clusters": 4,
        "ari": 0.3800020101716121,
        "nmi": 0.4711581585080424,
        "purity": 0.6256038647342995,
        "silhouette": 0.23197513818740845,
        "composition": {
          "0": {
            "size": 145,
            "label_counts": {
              "1": 59,
              "2": 77,
              "3": 9
            }
          },
          "1": {
            "size": 120,
            "label_counts": {
              "0": 54,
              "1": 2,
              "2": 64
            }
          },
          "2": {
            "size": 50,
            "label_counts": {
              "0": 15,
              "1": 7,
              "2": 20,
              "3": 8
            }
          },
          "3": {
            "size": 99,
            "label_counts": {
              "1": 1,
              "3": 98
            }
          }
        }
      }
    }
  },
  "retrieval": {
    "num_samples": 414,
    "mode_id": {
      "precision_at_1": 0.9879227053140096,
      "recall_at_1": 0.009646739130434784,
      "map_at_1": 0.9879227053140096,
      "ndcg_at_1": 0.9879227053140096,
      "precision_at_5": 0.8951690821256039,
      "recall_at_5": 0.04259463351829417,
      "map_at_5": 0.8832930756843802,
      "ndcg_at_5": 0.988231986718089,
      "precision_at_10": 0.8444444444444446,
      "recall_at_10": 0.07931752379314298,
      "map_at_10": 0.8138268729391918,
      "ndcg_at_10": 0.9766744773260055
    },
    "spectral_id": {
      "precision_at_1": 0.9879227053140096,
      "recall_at_1": 0.009646739130434784,
      "map_at_1": 0.9879227053140096,
      "ndcg_at_1": 0.9879227053140096,
      "precision_at_5": 0.8951690821256039,
      "recall_at_5": 0.04259463351829417,
      "map_at_5": 0.8832930756843802,
      "ndcg_at_5": 0.988231986718089,
      "precision_at_10": 0.8444444444444446,
      "recall_at_10": 0.07931752379314298,
      "map_at_10": 0.8138268729391918,
      "ndcg_at_10": 0.9766744773260055
    },