{
  "embedding_stats": {
    "train_basic": {
      "num_samples": 1932,
      "embedding_dim": 128,
      "global_mean": 0.2504604458808899,
      "global_std": 0.4918537437915802,
      "mean_l2_norm": 5.9632463455200195,
      "std_l2_norm": 1.8533639907836914,
      "min_l2_norm": 3.214714765548706,
      "max_l2_norm": 19.048002243041992,
      "mean_dim_std": 0.44909244775772095,
      "min_dim_std": 0.14250525832176208,
      "max_dim_std": 0.9654982686042786,
      "mean_dim_var": 0.22368575632572174,
      "min_dim_var": 0.0203077495098114,
      "max_dim_var": 0.9321869015693665
    },
    "val_basic": {
      "num_samples": 414,
      "embedding_dim": 128,
      "global_mean": 0.258224219083786,
      "global_std": 0.4962865114212036,
      "mean_l2_norm": 6.0156145095825195,
      "std_l2_norm": 1.9682039022445679,
      "min_l2_norm": 3.3649396896362305,
      "max_l2_norm": 19.785764694213867,
      "mean_dim_std": 0.4367494583129883,
      "min_dim_std": 0.09488475322723389,
      "max_dim_std": 0.9790367484092712,
      "mean_dim_var": 0.21907874941825867,
      "min_dim_var": 0.009003116749227047,
      "max_dim_var": 0.9585129618644714
    },
    "test_basic": {
      "num_samples": 414,
      "embedding_dim": 128,
      "global_mean": 0.2649221420288086,
      "global_std": 0.5278756618499756,
      "mean_l2_norm": 6.269150733947754,
      "std_l2_norm": 2.3127505779266357,
      "min_l2_norm": 3.1421220302581787,
      "max_l2_norm": 20.925477981567383,
      "mean_dim_std": 0.45993900299072266,
      "min_dim_std": 0.08927343040704727,
      "max_dim_std": 1.1151623725891113,
      "mean_dim_var": 0.2502334415912628,
      "min_dim_var": 0.007969745434820652,
      "max_dim_var": 1.2435870170593262
    },
    "train_collapse": {
      "num_low_variance_dims": 0,
      "frac_low_variance_dims": 0.0,
      "overall_std": 0.4918537437915802,
      "is_likely_collapsed": false
    },
    "val_collapse": {
      "num_low_variance_dims": 0,
      "frac_low_variance_dims": 0.0,
      "overall_std": 0.4962865114212036,
      "is_likely_collapsed": false
    },
    "test_collapse": {
      "num_low_variance_dims": 0,
      "frac_low_variance_dims": 0.0,
      "overall_std": 0.5278756618499756,
      "is_likely_collapsed": false
    },
    "train_val_gap": {
      "mean_vector_l2_gap": 0.6934316754341125,
      "std_vector_l2_gap": 0.6514589190483093,
      "mean_norm_gap": 0.0523681640625,
      "std_norm_gap": 0.11483991146087646
    },
    "val_test_gap": {
      "mean_vector_l2_gap": 0.8174737691879272,
      "std_vector_l2_gap": 1.0115320682525635,
      "mean_norm_gap": 0.2535362243652344,
      "std_norm_gap": 0.34454667568206787
    },
    "train_test_gap": {
      "mean_vector_l2_gap": 0.8140557408332825,
      "std_vector_l2_gap": 0.8789578080177307,
      "mean_norm_gap": 0.3059043884277344,
      "std_norm_gap": 0.45938658714294434
    }
  },
  "probes": {
    "primary_model": "linear",
    "secondary_model": "rbf",
    "mode_id": {
      "skipped": false,
      "linear": {
        "accuracy": 0.8599033816425121,
        "balanced_accuracy": 0.8641304347826086
      },
      "rbf": {
        "accuracy": 0.8623188405797102,
        "balanced_accuracy": 0.8677536231884058
      }
    },
    "spectral_id": {
      "skipped": false,
      "linear": {
        "accuracy": 0.8599033816425121,
        "balanced_accuracy": 0.8641304347826086
      },
      "rbf": {
        "accuracy": 0.8623188405797102,
        "balanced_accuracy": 0.8677536231884058
      }
    },
    "coupling_id": {
      "skipped": true,
      "task_type": "classification",
      "skipped_reason": "train split has only one class: [1]"
    },
    "is_transition_window": {
      "skipped": true,
      "task_type": "classification",
      "skipped_reason": "train split has only one class: [False]"
    },
    "mean_load": {
      "skipped": false,
      "task_type": "regression",
      "linear": {
        "mae": 0.0,
        "rmse": 0.0,
        "r2": 1.0
      },
      "rbf": {
        "mae": 0.0,
        "rmse": 0.0,
        "r2": 1.0
      }
    }
  },
  "clustering": {
    "mode_id": {
      "stability": {
        "ari": {
          "mean": 0.20190671724065012,
          "std": 0.0024613392322147018
        },
        "nmi": {
          "mean": 0.2549462081147357,
          "std": 0.0021723769043890053
        },
        "purity": {
          "mean": 0.5004830917874397,
          "std": 0.0009661835748792313
        },
        "silhouette": {
          "mean": 0.15377887785434724,
          "std": 8.716417874395386e-05
        }
      },
      "reference_run": {
        "num_clusters": 4,
        "ari": 0.20101711801093802,
        "nmi": 0.2535727271473949,
        "purity": 0.5,
        "silhouette": 0.15377825498580933,
        "composition": {
          "0": {
            "size": 117,
            "label_counts": {
              "1": 32,
              "4": 7,
              "7": 76,
              "10": 2
            }
          },
          "1": {
            "size": 207,
            "label_counts": {
              "1": 12,
              "4": 83,
              "7": 31,
              "10": 81
            }
          },
          "2": {
            "size": 65,
            "label_counts": {
              "1": 34,
              "4": 2,
              "7": 26,
              "10": 3
            }
          },
          "3": {
            "size": 25,
            "label_counts": {
              "1": 14,
              "7": 5,
              "10": 6
            }
          }
        }
      }
    },
    "spectral_id": {
      "stability": {
        "ari": {
          "mean": 0.20190671724065012,
          "std": 0.0024613392322147018
        },
        "nmi": {
          "mean": 0.2549462081147357,
          "std": 0.0021723769043890053
        },
        "purity": {
          "mean": 0.5004830917874397,
          "std": 0.0009661835748792313
        },
        "silhouette": {
          "mean": 0.15377887785434724,
          "std": 8.716417874395386e-05
        }
      },
      "reference_run": {
        "num_clusters": 4,
        "ari": 0.20101711801093802,
        "nmi": 0.2535727271473949,
        "purity": 0.5,
        "silhouette": 0.15377825498580933,
        "composition": {
          "0": {
            "size": 117,
            "label_counts": {
              "0": 32,
              "1": 7,
              "2": 76,
              "3": 2
            }
          },
          "1": {
            "size": 207,
            "label_counts": {
              "0": 12,
              "1": 83,
              "2": 31,
              "3": 81
            }
          },
          "2": {
            "size": 65,
            "label_counts": {
              "0": 34,
              "1": 2,
              "2": 26,
              "3": 3
            }
          },
          "3": {
            "size": 25,
            "label_counts": {
              "0": 14,
              "2": 5,
              "3": 6
            }
          }
        }
      }
    }
  },
  "retrieval": {
    "num_samples": 414,
    "mode_id": {
      "precision_at_1": 0.9806763285024155,
      "recall_at_1": 0.009573486564917858,
      "map_at_1": 0.9806763285024155,
      "ndcg_at_1": 0.9806763285024155,
      "precision_at_5": 0.8589371980676329,
      "recall_at_5": 0.0418736381922672,
      "map_at_5": 0.8411352657004831,
      "ndcg_at_5": 0.9799458296904241,
      "precision_at_10": 0.7884057971014492,
      "recall_at_10": 0.07673630364839504,
      "map_at_10": 0.7492021317383636,
      "ndcg_at_10": 0.9660140716181532
    },
    "spectral_id": {
      "precision_at_1": 0.9806763285024155,
      "recall_at_1": 0.009573486564917858,
      "map_at_1": 0.9806763285024155,
      "ndcg_at_1": 0.9806763285024155,
      "precision_at_5": 0.8589371980676329,
      "recall_at_5": 0.0418736381922672,
      "map_at_5": 0.8411352657004831,
      "ndcg_at_5": 0.9799458296904241,
      "precision_at_10": 0.7884057971014492,