{
  "recall_at_1": 0.3708609271523179,
  "recall_at_5": 0.7086092715231788,
  "recall_at_10": 0.8609271523178808,
  "top1_match_fraction": 0.3708609271523179,
  "top5_match_fraction": 0.304635761589404,
  "top10_match_fraction": 0.26490066225165565
}