{
  "split_by": "trajectory",
  "seed": 42,
  "has_hard_leakage": false,
  "overlap": {
    "trajectory_overlap": {
      "train_val": [],
      "train_test": [],
      "val_test": []
    },
    "device_overlap": {
      "train_val": [
        0,
        1,
        2,
        3,
        4
      ],
      "train_test": [
        0,
        1,
        2,
        3,
        4
      ],
      "val_test": [
        0,
        1,
        2,
        3,
        4
      ]
    }
  },
  "splits": {
    "train": {
      "num_windows": 1932,
      "num_trajectories": 84,
      "num_devices": 5,
      "mode_counts": {
        "0": 170,
        "1": 178,
        "2": 177,
        "3": 190,
        "4": 133,
        "5": 149,
        "6": 130,
        "7": 190,
        "8": 205,
        "9": 109,
        "10": 147,
        "11": 154
      },
      "spectral_counts": {
        "0": 525,
        "1": 472,
        "2": 525,
        "3": 410
      },
      "coupling_counts": {
        "0": 614,
        "1": 641,
        "2": 677
      },
      "transition_fraction": 0.8084886074066162,
      "mean_load": 1.0074526071548462
    },
    "val": {
      "num_windows": 414,
      "num_trajectories": 18,
      "num_devices": 5,
      "mode_counts": {
        "0": 30,
        "1": 19,
        "2": 50,
        "3": 32,
        "4": 49,
        "5": 35,
        "6": 46,
        "7": 3,
        "8": 42,
        "9": 21,
        "10": 44,
        "11": 43
      },
      "spectral_counts": {
        "0": 99,
        "1": 116,
        "2": 91,
        "3": 108
      },
      "coupling_counts": {
        "0": 133,
        "1": 113,
        "2": 168
      },
      "transition_fraction": 0.7801932096481323,
      "mean_load": 1.0494554042816162
    },
    "test": {
      "num_windows": 414,
      "num_trajectories": 18,
      "num_devices": 5,
      "mode_counts": {
        "0": 22,
        "1": 49,
        "2": 40,
        "3": 50,
        "4": 18,
        "5": 39,
        "6": 27,
        "7": 33,
        "8": 33,
        "9": 19,
        "10": 23,
        "11": 61
      },
      "spectral_counts": {
        "0": 111,
        "1": 107,
        "2": 93,
        "3": 103
      },
      "coupling_counts": {
        "0": 119,
        "1": 123,
        "2": 172
      },
      "transition_fraction": 0.7536231875419617,
      "mean_load": 0.9982844591140747
    }
  }
}