{
  "split_by": "trajectory",
  "seed": 42,
  "has_hard_leakage": false,
  "overlap": {
    "trajectory_overlap": {
      "train_val": [],
      "train_test": [],
      "val_test": []
    },
    "device_overlap": {
      "train_val": [
        0,
        1
      ],
      "train_test": [
        0,
        1
      ],
      "val_test": [
        0,
        1
      ]
    }
  },
  "splits": {
    "train": {
      "num_windows": 1932,
      "num_trajectories": 84,
      "num_devices": 2,
      "mode_counts": {
        "0": 175,
        "1": 139,
        "2": 162,
        "3": 180,
        "4": 197,
        "5": 176,
        "6": 165,
        "7": 154,
        "8": 128,
        "9": 136,
        "10": 187,
        "11": 133
      },
      "spectral_counts": {
        "0": 476,
        "1": 553,
        "2": 447,
        "3": 456
      },
      "coupling_counts": {
        "0": 679,
        "1": 678,
        "2": 575
      },
      "transition_fraction": 0.760869562625885,
      "mean_load": 1.0042927265167236
    },
    "val": {
      "num_windows": 414,
      "num_trajectories": 18,
      "num_devices": 2,
      "mode_counts": {
        "0": 50,
        "1": 14,
        "2": 36,
        "3": 34,
        "4": 44,
        "5": 23,
        "6": 32,
        "7": 46,
        "8": 39,
        "9": 23,
        "10": 40,
        "11": 33
      },
      "spectral_counts": {
        "0": 100,
        "1": 101,
        "2": 117,
        "3": 96
      },
      "coupling_counts": {
        "0": 143,
        "1": 146,
        "2": 125
      },
      "transition_fraction": 0.7053139805793762,
      "mean_load": 1.007508635520935
    },
    "test": {
      "num_windows": 414,
      "num_trajectories": 18,
      "num_devices": 2,
      "mode_counts": {
        "0": 44,
        "1": 52,
        "2": 6,
        "3": 40,
        "4": 38,
        "5": 31,
        "6": 21,
        "7": 38,
        "8": 48,
        "9": 28,
        "10": 25,
        "11": 43
      },
      "spectral_counts": {
        "0": 102,
        "1": 109,
        "2": 107,
        "3": 96
      },
      "coupling_counts": {
        "0": 135,
        "1": 154,
        "2": 125
      },
      "transition_fraction": 0.772946834564209,
      "mean_load": 0.9897509813308716
    }
  }
}